{
    "accuracy": 0.8919187898089171,
    "loss": 1.1380042702192812
}