{
    "accuracy": 0.8831122122762148,
    "loss": 1.1330828045545582
}