{
    "accuracy": 0.8901273885350318,
    "loss": 1.7976770938891669
}