{
    "accuracy": 0.8794357416879796,
    "loss": 1.1898391534956327
}