{
    "accuracy": 0.8958996815286624,
    "loss": 1.0635218867130436
}