{
    "accuracy": 0.8943073248407644,
    "loss": 1.0845433721811195
}