{
    "accuracy": 0.8945063694267515,
    "loss": 2.0511124169392434
}