{
    "accuracy": 0.8958996815286624,
    "loss": 1.330483282836166
}