{
    "accuracy": 0.8879475703324808,
    "loss": 1.3951173386168239
}