{
    "accuracy": 0.8662420382165605,
    "loss": 0.7790786016281623
}