{
    "accuracy": 0.8584159207161125,
    "loss": 0.8008527562755834
}