{
    "accuracy": 0.8624601910828026,
    "loss": 0.8237953736286634
}