{
    "accuracy": 0.8441480891719745,
    "loss": 0.6132646504089616
}