{
    "accuracy": 0.8455414012738853,
    "loss": 0.5147037181979531
}