{
    "accuracy": 0.8377157928388747,
    "loss": 0.6072405414879704
}