{
    "accuracy": 0.8883359872611465,
    "loss": 3.4315112083538577
}