{
    "accuracy": 0.8863091432225064,
    "loss": 2.3680711217554156
}