{
    "accuracy": 0.8974920382165605,
    "loss": 2.000939605222232
}