{
    "accuracy": 0.8586783439490446,
    "loss": 0.6946620486059766
}