{
    "accuracy": 0.8547794117647058,
    "loss": 0.7117111655642919
}