{
    "accuracy": 0.8632563694267515,
    "loss": 0.614744567472464
}