{
    "accuracy": 0.8539012738853503,
    "loss": 0.7231712748480451
}