{
    "accuracy": 0.8431505754475703,
    "loss": 0.8115691657266234
}