{
    "accuracy": 0.8568869426751592,
    "loss": 0.6815302865045845
}