{
    "accuracy": 0.9000796178343949,
    "loss": 1.6045220718944482
}