{
    "accuracy": 0.8862691815856778,
    "loss": 1.6749165285527619
}