{
    "accuracy": 0.8853503184713376,
    "loss": 2.1073759210749774
}