{
    "accuracy": 0.8516624040920716,
    "loss": 0.9602424912440503
}