{
    "accuracy": 0.8660429936305732,
    "loss": 0.9176822770594554
}