{
    "accuracy": 0.8680334394904459,
    "loss": 0.8868237573855148
}