{
    "accuracy": 0.862531969309463,
    "loss": 0.744901725543601
}