{
    "accuracy": 0.8674363057324841,
    "loss": 0.6897316572677558
}