{
    "accuracy": 0.865047770700637,
    "loss": 0.7384246156853476
}