{
    "accuracy": 0.8501039002557544,
    "loss": 0.944143198385282
}