{
    "accuracy": 0.8630573248407644,
    "loss": 0.8628988112693735
}