{
    "accuracy": 0.8648487261146497,
    "loss": 0.8208056181331111
}